my_followers,followers_followers
bleacherreport,geo_rge4239
bleacherreport,prospectt11
bleacherreport,joao.victor_souza.santos
bleacherreport,bbrreenda01
bleacherreport,relius.noirantoogar32ab
bleacherreport,official_account_6548gmn
bleacherreport,tonioo.___
bleacherreport,det_corey
bleacherreport,exed_ishsesin22116
bleacherreport,shhhtobi
bleacherreport,kalingaurk_loimli19e249
bleacherreport,2playa.j5
bleacherreport,bouncystackz
bleacherreport,heyatm_2737
bleacherreport,prettii.monee
bleacherreport,a.b.m.u_talukdar
bleacherreport,official.adarsh_op
bleacherreport,aj.00.88
bleacherreport,ajay_kumar_6306
bleacherreport,barbarathompsonzklklcuign
bleacherreport,chamarsarkar709
bleacherreport,chandanyadavyadav358
bleacherreport,coms0n
bleacherreport,danishrana6084
bleacherreport,lavaeidavid
bleacherreport,dimitrichrisphonte
bleacherreport,dareal.lilvice
bleacherreport,ford.jt_
bleacherreport,goncalorodriigues
bleacherreport,youngingettinmoney
bleacherreport,ivanjoseolponperez
bleacherreport,miahglizzy5
bleacherreport,jermalyn692
bleacherreport,__joel.3__
bleacherreport,kaleabwright15
bleacherreport,lortiner
bleacherreport,cashyy.lo
bleacherreport,malubhai82
bleacherreport,mohdsharif9094
bleacherreport,jdnlmb
bleacherreport,nuski_nonuu
bleacherreport,sad_4_life_5556
bleacherreport,steveopolis
bleacherreport,synaptyxperformance
bleacherreport,smylmyry362
bleacherreport,aimanalgilani
bleacherreport,bhiikmbrmaa
bleacherreport,sonu_jatav1010
bleacherreport,fearless_neil
ros__alind,jackiewang0524
ros__alind,isabellad.huang
ros__alind,corriehkim
ros__alind,jenny_songg
ros__alind,a2f_ucla
ros__alind,hyuna.noguchi
ros__alind,juliapliang
ros__alind,cindy.llo
ros__alind,cynthiaweichou
ros__alind,oumichelle
ros__alind,amyfannliu
ros__alind,laurvelez_
ros__alind,melanieechen
ros__alind,whaleitsjessica
ros__alind,cordelialee
ros__alind,kimyhana
ros__alind,joannachiaa
ros__alind,fleekchan
ros__alind,_kaylin.le
ros__alind,jazeruu
ros__alind,jocejoy.ch
ros__alind,_katepark
ros__alind,rchl.kmm
ros__alind,becskim
ros__alind,sharon._.wu
ros__alind,jeff_ding412
ros__alind,sollapark_
ros__alind,anushka.chakrabarti
ros__alind,livhoug
ros__alind,suhween
ros__alind,anazhong17
ros__alind,vivianistan
ros__alind,liliana.jeanine
ros__alind,johannahgram
ros__alind,jeeesooo
ros__alind,susan_wang_97
ros__alind,lokandlol
ros__alind,itschrissytina
ros__alind,mel_mel_melon
ros__alind,howardwang15
ros__alind,jennik12
ros__alind,jmuzzy21
ros__alind,chriiisjung
ros__alind,silver_sarina
ros__alind,nishat
ros__alind,zhidoe
ros__alind,whenpancakesfly
ros__alind,ycyvonne_
ros__alind,pineforestation
ros__alind,gloriasheu
ros__alind,tiffaanyjiang
ros__alind,katelyn.pj
ros__alind,kathleen.ktv
ros__alind,isaacusername
ros__alind,mitziberlin
ros__alind,ting.zheng7
ros__alind,josgarcia15
ros__alind,mjsong_
ros__alind,israellucero18
ros__alind,mateafriend
ros__alind,ovidio_fj
ros__alind,vickyadebona
ros__alind,bryanw0ng
ros__alind,diskqmusic
ros__alind,turnsoutmillersadickhead
ros__alind,_monicatud_
ros__alind,tam.stefanie
ros__alind,elenafrancesz
ros__alind,farrahauyeung
ros__alind,joeltristian
ros__alind,makaylalovrak
ros__alind,justin_akioka
ros__alind,jt_kikkawa
ros__alind,nadia.kao
ros__alind,naomiyjchen
ros__alind,__conniex__
ros__alind,justine.stotomas
ros__alind,j.chenwan
ros__alind,jchenwan
ros__alind,sayamosaic
ros__alind,angelashen103
ros__alind,ohnobackspace
ros__alind,_.hoailinh._
ros__alind,whitneysit
ros__alind,we.three.dings.plus.one
ros__alind,juliettewang
ros__alind,rhazed
ros__alind,tsengfanhei
ros__alind,aprilrangelonline
ros__alind,cotulas
ros__alind,joycehpark
ros__alind,angelad_penguins
ros__alind,jrbater
ros__alind,lacommunityfridges
ros__alind,soondybu
ros__alind,cwongnowc
ros__alind,designthusiast
ros__alind,bribrie
ros__alind,tyl_.r
ros__alind,eli8527
ros__alind,winsoup
ros__alind,alyssafong
ros__alind,debbystinkerton
ros__alind,jesi_wutang
ros__alind,suzysuzyy
ros__alind,jd.malana
ros__alind,arleentrue
ros__alind,_ohsnapitsmaggie
ros__alind,annysypark
ros__alind,phr.gu
ros__alind,gavin.britton
ros__alind,mintamonn
ros__alind,e_en_c
ros__alind,jan.k.chan
ros__alind,eden_aztlan
ros__alind,goodnessgracious_
ros__alind,clay.leb
ros__alind,elizabthchan
ros__alind,chrisitianahan
ros__alind,itsanvincent
ros__alind,ibolabinjo
ros__alind,laneichy
ros__alind,linneakh_
ros__alind,suj._nahn
ros__alind,mykaela_bajari
ros__alind,mackeyatto
ros__alind,spifsters
ros__alind,tranbriana
ros__alind,karina.t.lee
ros__alind,rishabhaggarwal2
ros__alind,agzaroarz
ros__alind,alejandra.revel
ros__alind,abby.s.chen
ros__alind,kailey.mr
ros__alind,moe_tud
ros__alind,iacallejas
ros__alind,hu_isthis
ros__alind,chrystaooooo
ros__alind,hannahjhendricks
ros__alind,jocelynjchang
ros__alind,camillermiller
ros__alind,nicolewkng
ros__alind,nellyy.s
ros__alind,sp.heo
ros__alind,haolinwolf
ros__alind,su.shok
ros__alind,thmsbfft
ros__alind,lilcheah
ros__alind,claireishuman
ros__alind,alisonjeng
ros__alind,nopenotyuri
ros__alind,isabellakefgen
ros__alind,tariniarte
ros__alind,fleekchan
ros__alind,calebkimbruin
ros__alind,anshulabula
ros__alind,owobuijewere
ros__alind,joanne_park12
ros__alind,mel.bmp
ros__alind,laitan_ea
ros__alind,nancyli118
ros__alind,earlene26
ros__alind,yasminakvn
ros__alind,galaxymeat
ros__alind,gem.tav.draws
ros__alind,eli8527
ros__alind,heather.miau
ros__alind,eiikiien
ros__alind,vvichael
ros__alind,kathysquats
ros__alind,itsabbylin
ros__alind,itstimconnors
ros__alind,ann.nguyen_87
ros__alind,mandyiichen
ros__alind,camazing_grace
ros__alind,lilmaifun
ros__alind,nancxwu
ros__alind,kristy.cheung
ros__alind,jaybabycraan
ros__alind,instrument
ros__alind,koby.ai
ros__alind,bb.yebye
ros__alind,mkaralevich
ros__alind,jonas2.pdf
ros__alind,jenn.song
ros__alind,_d0roty
ros__alind,biancaracho
ros__alind,vitanewstetter
ros__alind,e.chui
ros__alind,bxmani
ros__alind,joanniekwon
ros__alind,helenlinyum
ros__alind,dhhhhshin
ros__alind,aamber.li
ros__alind,fiii___online
ros__alind,the_last_online_show
ros__alind,catty__narwhal
ros__alind,vikapikachu
ros__alind,ra.hu.lc
ros__alind,christieygc
ros__alind,chandlermcwilliams
ros__alind,gracehaeun93
ros__alind,erinelzbeth
ros__alind,aguilarrjanet
ros__alind,curtistam
ros__alind,kjhollen
ros__alind,quadrinhos94
ros__alind,kn_ugs
ros__alind,animeestie
ros__alind,joeltristian
ros__alind,epicchewy
ros__alind,arieltaylorr
ros__alind,jephrye
ros__alind,beannut.butter
ros__alind,oh_miss_jackson_
ros__alind,apr.ding
ros__alind,_mapache9
ros__alind,_long.vo
ros__alind,_soobinc
ros__alind,sophia.zheng
ros__alind,allio19
ros__alind,zachinpublic
ros__alind,delaneykasdorf
ros__alind,kai.alegre
ros__alind,auderoy
ros__alind,jjust_justin
ros__alind,5teve.0
ros__alind,kskuboi
ros__alind,the_last_online_show
ros__alind,jane_e_kim
ros__alind,meilinr
ros__alind,cg.808
ros__alind,anchour
ros__alind,nabilburias
ros__alind,sidney.rhee
ros__alind,kittykatluver96
ros__alind,beyinsane
ros__alind,ellen.prk
ros__alind,cluny.studio
ros__alind,rchoi1117
ros__alind,helen.melon.cheese
ros__alind,rachelteo13
ros__alind,emmycao
ros__alind,selenacossio
ros__alind,christieip
ros__alind,rajuan23
ros__alind,thejasminechen
ros__alind,laney.chiu
ros__alind,bslats21
ros__alind,varsham10
ros__alind,dustinnewman98
ros__alind,jcao1116
ros__alind,sba.collective
ros__alind,eatoneer_
ros__alind,rayray_zhang
ros__alind,pticzon
ros__alind,odawbz
ros__alind,karlringman
ros__alind,viccattorria
ros__alind,picrazy314
ros__alind,courtmillz
ros__alind,melwiin
ros__alind,niki_sanders
ros__alind,jordan.cottage
ros__alind,ucla4all
ros__alind,_jessieqian
ros__alind,leemaoliu
ros__alind,ibolabinjo
ros__alind,noelforte
ros__alind,margokersey
ros__alind,theotherjasminechen
ros__alind,dawnelizabeth26
ros__alind,maarrii_c
ros__alind,orangechuice00
ros__alind,hillcleary
ros__alind,giantism.ai
ros__alind,su.shok
ros__alind,christine.h.yang
ros__alind,heatherxloo
ros__alind,swolfe789
ros__alind,_leannw
ros__alind,emilyjchang
ros__alind,kwamase
ros__alind,rui_hu_2080
ros__alind,pingu_vevo
ros__alind,casseychan
ros__alind,meghancarnold
ros__alind,kinnara_
ros__alind,rorandz
ros__alind,kylesaurhsu
ros__alind,mickcoelho
ros__alind,cappimmsxn
ros__alind,sid.knee.moon
ros__alind,melissa__ames
ros__alind,josephine.liang
ros__alind,aceisaight
ros__alind,nincompoon
ros__alind,cindy_jui
ros__alind,lisa_li05
ros__alind,deonmixon
ros__alind,deonmixon
ros__alind,taliechen
ros__alind,iam_sheenz
ros__alind,steve_kaize_xie
ros__alind,dayounq
ros__alind,jumoven
ros__alind,sophieeeeeeel
ros__alind,wormbed
ros__alind,itschrissytina
ros__alind,cassidyrouth
ros__alind,dvnielleekvm
ros__alind,justjessie_ing
ros__alind,kouochar
ros__alind,brianna.kelly__
ros__alind,monteletwo
ros__alind,aylinsxdon
ros__alind,c.santos.0890
ros__alind,champagnemands
ros__alind,gavinjjtan
ros__alind,lin.reggie
ros__alind,lindenleah
ros__alind,louislah
ros__alind,nick.fearnley
ros__alind,leoraduong
ros__alind,amandy.pandy
ros__alind,ikl.fr
ros__alind,lisa_chen96
ros__alind,nik.elodeon
ros__alind,alin.7138
ros__alind,avenirnat
ros__alind,__rendering
ros__alind,paulthewreckingball
ros__alind,michael.ryus
ros__alind,leou_ying
ros__alind,angeljqyu
ros__alind,kerriachen
ros__alind,annieparkoo
ros__alind,jerryyan_
ros__alind,hootsgetscreative
ros__alind,_hyezus
ros__alind,lauren_huang28
ros__alind,sabrina.chui
ros__alind,jjoychenn
ros__alind,jyjpark
ros__alind,seoyepn
ros__alind,bamshoezled
ros__alind,hoperevivedintl
ros__alind,thekristinliu
ros__alind,tete.gl
ros__alind,graceyinyang
ros__alind,syndiw
ros__alind,lch2en
ros__alind,alexfishyyu
ros__alind,sophiemchoi
ros__alind,printjobpress
ros__alind,theotherjasminechen
ros__alind,rsun_8
ros__alind,windmillfactory
ros__alind,ghostzakbagans
ros__alind,wearefourten
ros__alind,lykchoi
ros__alind,constance._.yu
ros__alind,rebecca.mondon
ros__alind,im_rozlin
ros__alind,beccayu_
ros__alind,matthewravlich
ros__alind,audreychangy
ros__alind,kristijuwono
ros__alind,shannen.choiii
ros__alind,ramos_x9
ros__alind,_melodychen_
ros__alind,the_last_online_show
ros__alind,anderwchau
ros__alind,klesis_ucla
ros__alind,kimyhana
ros__alind,811sies
ros__alind,michaelyyou
ros__alind,joyful.anemone
ros__alind,yuka.okina
ros__alind,sanitycorner
ros__alind,fishkaraoke
ros__alind,kels05_
ros__alind,deborah.hhn
ros__alind,mabelletexeira
ros__alind,cindyaasano
ros__alind,dhshiiiin
ros__alind,hi_imalily
ros__alind,kosofsky44
ros__alind,i.m.immigreat
ros__alind,sincerementtiffany
ros__alind,soogoodesigns
ros__alind,rymathom
ros__alind,xnohminiii
ros__alind,ester.lok
ros__alind,cualquiersosa
ros__alind,sebdelaguardia
ros__alind,mi_____art
ros__alind,sheisasingh
ros__alind,petertheson
ros__alind,petertheson
ros__alind,arushi_121245
ros__alind,roo_poet
ros__alind,saturated.elk
ros__alind,jjameswashere
ros__alind,gestalt.sh
ros__alind,kalonofrida
ros__alind,death_and_all_his_lovers
ros__alind,onefriendaday
ros__alind,adopt_a_dog_save_alife
ros__alind,thosewhoadventure
ros__alind,kaiden_8080
ros__alind,traildesaigles
ros__alind,elite_essays22
ros__alind,monocle_meow
jessieyangjiang,jackiewang0524
jessieyangjiang,jas.willette
jessieyangjiang,tappedinmk
jessieyangjiang,senlin.luo
jessieyangjiang,joyfulyui
jessieyangjiang,karlyoak
jessieyangjiang,ngadhiawow
jessieyangjiang,clarissadwijaya
jessieyangjiang,amberghini23
jessieyangjiang,jonah_shi233
jessieyangjiang,raphaelsantodomingo
jessieyangjiang,hello__fromchar
jessieyangjiang,cqile220
jessieyangjiang,huixx058
jessieyangjiang,elainewang768
jessieyangjiang,naraekang_pitapat
jessieyangjiang,gracepointmpls
jessieyangjiang,reannachs
jessieyangjiang,tessalau013
jessieyangjiang,cat_on_the_log
jessieyangjiang,terriyaki59
jessieyangjiang,christina.cauliflower
jessieyangjiang,ruthdasuki
jessieyangjiang,adrianraineka
jessieyangjiang,dittttto96
jessieyangjiang,teresalhc
jessieyangjiang,wan0204
jessieyangjiang,fengxunhuo
jessieyangjiang,hm.hartzler
jessieyangjiang,jeanettespanj
jessieyangjiang,erika.ludorf
jessieyangjiang,jonjonjonnyjon
jessieyangjiang,dayannequinonez
jessieyangjiang,ainaalopezz
jessieyangjiang,v.to22
jessieyangjiang,wsxhello
jessieyangjiang,kim.jeo_
jessieyangjiang,pixirocker98
jessieyangjiang,lizschroeder11
jessieyangjiang,hyanana
jessieyangjiang,cory_07_
jessieyangjiang,jeaaaannnn
jessieyangjiang,ptkhai.sntk
jessieyangjiang,elaine_yiwen
jessieyangjiang,panpanda528
jessieyangjiang,kwjian
jessieyangjiang,yiyi_amy123
jessieyangjiang,kmrmbe2
jessieyangjiang,antony_kwok_
jessieyangjiang,r.oli41
jessieyangjiang,tommvdo
jessieyangjiang,ssol__elaine
jessieyangjiang,angela.ku
jessieyangjiang,panouchi.fu
jessieyangjiang,madison_cm_my_
jessieyangjiang,dasolchung
jessieyangjiang,briannaychan
jessieyangjiang,anna__francesca
jessieyangjiang,ireneluoirene
jessieyangjiang,wuxx0522
jessieyangjiang,cly.hosanna
jessieyangjiang,yvonne04115
jessieyangjiang,acts2atumn
jessieyangjiang,_debsie
jessieyangjiang,pyfu4
jessieyangjiang,iusmatumn
jessieyangjiang,astronaut747
jessieyangjiang,jjung_jade
jessieyangjiang,avagriemert
jessieyangjiang,ann_chen_whale
jessieyangjiang,trizzletee94
jessieyangjiang,sandyy_wkk
jessieyangjiang,eugenecynthiapeng
jessieyangjiang,towani_medina
jessieyangjiang,caoxx615
jessieyangjiang,japtsui
jessieyangjiang,josephsjliu9
jessieyangjiang,whaleitsjessica
jessieyangjiang,stephaniechen731
jessieyangjiang,mo_cuishle_d
jessieyangjiang,jasonkwan123
jessieyangjiang,navdhagambhir
jessieyangjiang,chi_chiayu
jessieyangjiang,dear__krissy
jessieyangjiang,steamedbunseller
jessieyangjiang,peterydesign
jessieyangjiang,michelleysuuun
jessieyangjiang,may_and_spring
jessieyangjiang,karleemccarron
jessieyangjiang,pryor.lenore
jessieyangjiang,cha_isabella
jessieyangjiang,sheliryn
jessieyangjiang,anazhong17
jessieyangjiang,ace.minnesota
jessieyangjiang,twu2742
jessieyangjiang,yvonnezhang22
jessieyangjiang,zhu_xiafei
jessieyangjiang,gemma_shen
jessieyangjiang,aohan_zhou
jessieyangjiang,yiwen_emma_huang
jessieyangjiang,jaimothyk
jessieyangjiang,franky1725
jessieyangjiang,corahyunjung
jessieyangjiang,soungsees
jessieyangjiang,cjsduscjdvm
jessieyangjiang,zhidoe
jessieyangjiang,cynthiali0728
jessieyangjiang,hanzhangguo
jessieyangjiang,gngnsgn
jessieyangjiang,cassiengks
jessieyangjiang,rose__tav
jessieyangjiang,bigmoneymike_08
jessieyangjiang,janice_lee22
jessieyangjiang,sami.abuzeid
jessieyangjiang,im_ursunny
jessieyangjiang,maixi95
jessieyangjiang,joytothezhou
jessieyangjiang,haniellam
jessieyangjiang,huangyijun1114
jessieyangjiang,mmmengci
jessieyangjiang,anna25_sun
jessieyangjiang,vrons23
jessieyangjiang,mai.duong1993
jessieyangjiang,ernsaputra
jessieyangjiang,sasararah111
jessieyangjiang,ace.minnesota
jessieyangjiang,zhoucius
jessieyangjiang,eric_ljz
jessieyangjiang,roych122
jessieyangjiang,charlene.tian
jessieyangjiang,gemma_shen0505
jessieyangjiang,anouckvanderham
jessieyangjiang,dbwi.wang
jessieyangjiang,maryovertheworld
jessieyangjiang,nancy_cch
jessieyangjiang,paigeypoo_12
jessieyangjiang,hoummmm
jessieyangjiang,ruichenz
jessieyangjiang,camarieemartin
jessieyangjiang,wallehamburger
jessieyangjiang,ari.j.u
jessieyangjiang,may_youmei_chen
jessieyangjiang,lstarrystarry
jessieyangjiang,mengtinggggz
jessieyangjiang,cici_yixuan
jessieyangjiang,fiona_pui_ying
jessieyangjiang,c.xu.11
jessieyangjiang,z.wang_
jessieyangjiang,sunmin259
jessieyangjiang,angelarabelhofer
jessieyangjiang,cassie_zeug
jessieyangjiang,wwwwensi
jessieyangjiang,guangzheng_du
jessieyangjiang,aurel_lameche
jessieyangjiang,lyhlgjm
jessieyangjiang,luuuuuuplus
jessieyangjiang,jpfam
jessieyangjiang,mktmchn
jessieyangjiang,brian.yu.h750
jessieyangjiang,kuakeye
jessieyangjiang,yuuuuuchun
jessieyangjiang,mightymango55
jessieyangjiang,elaine_zhao
jessieyangjiang,ainaalopezz
jessieyangjiang,conanhyh
jessieyangjiang,khetananisha
jessieyangjiang,miriamlinuesa
jessieyangjiang,_lawrence_wang_
jessieyangjiang,steph_xixi
jessieyangjiang,hiuhinggg
jessieyangjiang,olivia_lqy2016
jessieyangjiang,annigonzalezz
jessieyangjiang,yatong_betty
jessieyangjiang,ouyg3
jessieyangjiang,ying88669
jessieyangjiang,rebeccaxu3177
jessieyangjiang,charlieqcao
jessieyangjiang,vincybu
jessieyangjiang,allenjdoyle
jessieyangjiang,aprilyhchen
jessieyangjiang,kambojheenu
jessieyangjiang,atsmily
jessieyangjiang,argentmelange
jessieyangjiang,siru_in_christ
jessieyangjiang,anna_larsonn
jessieyangjiang,peter_guan
jessieyangjiang,veron.ho
jessieyangjiang,_leslie_li_
jessieyangjiang,zhi_nathan_huang
jessieyangjiang,natymarin7
jessieyangjiang,saiwang213
jessieyangjiang,becerril_arlette
jessieyangjiang,fredericschneider14
jessieyangjiang,lulululuwu1987
jessieyangjiang,momo_wind_wonder
jessieyangjiang,wuxx1016
jessieyangjiang,yyyj_zzz
jessieyangjiang,angel_zixiaowang
jessieyangjiang,naraekang20
jessieyangjiang,jiny12553
jessieyangjiang,mangvang
jessieyangjiang,marko_the_yellow_lab
jessieyangjiang,aa_rimm_
jessieyangjiang,ikapturemoments
jessieyangjiang,horseygal25
jessieyangjiang,amykuamy
jessieyangjiang,currshi
jessieyangjiang,hacker.maggie
